id,headline,keywords,contents,date,source
1,"Votul din 18 mai nu este un scrutin obișnuit: este o Exorcizare!Pe 22 decembrie 1989, la vreo trei ore după fuga
lui Ceaușescu, la București (am aflat apoi că și în alte orașe) s-au petrecut
niște scene halucinante. Neverosimile.","exorcizare!pe,votul,decembrie,1989,,bucurești,aflat,orașe),petrecut,halucinante.,scrutin,ceaușescu,,neverosimile.,niște,obișnuit:,scene",,,https://www.activenews.ro/opinii/Votul-din-18-mai-nu-este-un-scrutin-obisnuit-este-o-Exorcizare-197287
2,"VIDEOMesajul directorului executiv al Asociației Accept către comunitate homosexuală înainte de turul 2 al alegerilor prezidențiale: Unul dintre candidați are inițiative legislative anti-LGBT - VIDEOVotul nostru pentru democrație și egalitate este în sine un act de grijă pentru noi înșine și pentru cei din jurul nostru.”, scrie Asociația Accept.","legislative,videomesajul,alegerilor,inițiative,anti-lgbt,nostru,turul,accept,videovotul,homosexuală,jurul,înainte,pentru,democrație,prezidențiale:,executiv,egalitate,grijă,directorului,către,înșine,nostru.”,,candidați,comunitate,dintre,scrie,asociația,accept.,asociației",,,https://www.activenews.ro/stiri/Mesajul-directorului-executiv-al-Asociatiei-Accept-catre-comunitate-homosexuala-inainte-de-turul-2-al-alegerilor-prezidentiale-Unul-dintre-candidati-are-initiative-legislative-anti-LGBT-VIDEO-197281
3,"De ce boli vizibile suferă candidatul prezidențial Nicușor Dan: Mucofagie și RhinotillexomanieManifestările candidatului Nicușor Dan, desfășurate în spațiul public, ridică întrebări legitime privind adecvarea comportamentală în contextul funcției politice la care aspiră. Deși astfel de manifestări apar în mod frecvent la copii, persistența lor compulsivă la adulți indică probleme psihologice semnificative.","compulsivă,nicușor,adulți,prezidențial,psihologice,desfășurate,legitime,public,,manifestări,întrebări,adecvarea,privind,contextul,funcției,candidatul,semnificative.,vizibile,candidatului,suferă,politice,frecvent,rhinotillexomaniemanifestările,indică,astfel,probleme,persistența,comportamentală,mucofagie,spațiul,copii,,ridică,aspiră.",,,https://www.activenews.ro/stiri-sanatate/De-ce-boli-vizibile-sufera-candidatul-prezidential-Nicusor-Dan-Mucofagie-si-Rhinotillexomanie-197280
4,"Turul 2 al Referendumului pentru Familie are loc Duminică - Referendumul pentru Marea Familie RomânăÎn Duminica Samarinencii, care vine cu „apa cea vie” a Mântuitorului, cu hrană duhovnicească din belșug și energie cerească pe pământ, românii sunt chemați să-și ia votul furat înapoi și să-l dea, din nou, lui Dumnezeu: pentru apărarea vieții.","vieții.,turul,duminica,referendumul,referendumului,chemați,pentru,energie,belșug,marea,samarinencii,,pământ,,familie,să-și,dumnezeu:,românii,furat,hrană,cerească,votul,românăîn,înapoi,apărarea,mântuitorului,,duminică,duhovnicească",,,https://www.activenews.ro/opinii/Turul-2-al-Referendumului-pentru-Familie-are-loc-Duminica-Referendumul-pentru-Marea-Familie-Romana-197278
5,"SFÂRȘIT DE CAPITOLMă bucur că, în sfârșit, se termină campania electorală. Nu cred că a fost o alta mai mizerabilă și mai încrâncenată în cei 35 de ani de „democrație originală”.","electorală.,încrâncenată,campania,sfârșit,,termină,capitolmă,mizerabilă,sfârșit,„democrație,bucur,originală”.",,,https://www.activenews.ro/opinii/SFARSIT-DE-CAPITOL-197276
6,"DA pentru România!Manuela Hărăbor: Nu vă lăsați manipulați, nu lăsați frica să vă guverneze. Aveți curaj, nu suntem singuri în această luptă. Hristos este cu noi!Astăzi diaspora a început să voteze. Este ultima zi de campanie electorală. Se fac presiuni incredibile asupra votanților. Se folosește la greu intimidarea, frica, defăimarea. Se măsluiesc la vedere sondajele. Maia și Macron influențează pe față și total ilegal. La fel de ilegal și interimarul Bolojan de la Cotroceni. Nu vă lăsați manipulați","electorală.,votanților.,românia!manuela,ilegal,manipulați,campanie,aveți,folosește,luptă.,presiuni,intimidarea,,hărăbor:,incredibile,suntem,noi!astăzi,voteze.,pentru,total,bolojan,defăimarea.,macron,influențează,frica,,lăsați,manipulați,,asupra,vedere,curaj,,interimarul,frica,măsluiesc,început,diaspora,ilegal.,această,singuri,guverneze.,ultima,cotroceni.,hristos,sondajele.",,,https://www.activenews.ro/opinii/Manuela-Harabor-Nu-va-lasati-manipulati-nu-lasati-frica-sa-va-guverneze.-Aveti-curaj-nu-suntem-singuri-in-aceasta-lupta.-Hristos-este-cu-noi-197273
7,"Bănescu și Vexler deturnează Federația Evreilor în interes politicFederația Comunităților Evreiești din România intră în alegerile prezidențiale!, transmite știripesurse.ro. „Nu putem concepe întoarcerea României la dictatură. Nu putem concepe țara noastră fără apartenența la Uniunea Europeană și NATO","româniei,deturnează,interes,românia,știripesurse.ro.,alegerile,apartenența,europeană,evreilor,noastră,federația,concepe,dictatură.,bănescu,comunităților,evreiești,uniunea,prezidențiale!,,vexler,întoarcerea,politicfederația,putem,transmite,intră",,,https://www.activenews.ro/stiri/Banescu-si-Vexler-deturneaza-Federatia-Evreilor-in-interes-politic-197267
8,"Cine este și ce vrea Nicușor Dan. Răspunsul creierului electronicRomânia are nevoie de reformă reală, nu de reciclarea aceleiași 
oligarhii în haine noi. Dacă vrem o țară normală, atunci trebuie să fim 
atenți nu doar la „vitrină” (candidatul), ci la structura nevăzută care 
trage sforile din spate.","spate.,nicușor,aceleiași,reformă,oligarhii,reciclarea,trage,atunci,răspunsul,structura,atenți,reală,,creierului,haine,nevoie,trebuie,sforile,normală,,(candidatul),,electronicromânia,„vitrină”,nevăzută",,,https://www.activenews.ro/opinii/Cine-este-si-ce-vrea-Nicusor-Dan.-Raspunsul-creierului-electronic-197268
9,"Cuvântul DuhovniculuiUn mare duhovnic avertizează: Nu poți să nu vezi că pretinsul creștin-ortodox Nicușor Dan nu-și asumă responsabil propria familie nici în fața lui Dumnezeu nici a oamenilor ci mimează ”familia”. Cum ar putea el să-și asume răspunderea pentru o țară?Așa cum am anunțat în materialul precedent despre Duhul Binelui și duhul răului, mai mulți părinți duhovnicești ai Bisericii noastre ne-au trimis mesaje cu privire la alegerile care riscă să arunce România în hăul duhurilor rele.","arunce,țară?așa,anunțat,noastre,nicușor,creștin-ortodox,mesaje,riscă,românia,duhurilor,duhovniculuiun,putea,alegerile,trimis,asumă,duhovnic,pentru,responsabil,”familia”.,duhovnicești,avertizează:,familie,să-și,binelui,răspunderea,oamenilor,cuvântul,rele.,părinți,privire,mimează,precedent,mulți,dumnezeu,pretinsul,despre,bisericii,asume,propria,nu-și,răului,,ne-au,duhul,materialul",,,https://www.activenews.ro/stiri/Un-mare-duhovnic-avertizeaza-Nu-poti-sa-nu-vezi-ca-pretinsul-crestin-ortodox-Nicusor-Dan-nu-si-asuma-responsabil-propria-familie-nici-in-fata-lui-Dumnezeu-nici-a-oamenilor-ci-mimeaza-familia-.-Cum-ar-putea-el-sa-si-asume-raspunderea-pentru-o-tara-197269
10,"Jim Ferguson: România se ridică - și o nouă generație mărșăluiește în spatele lui George Simion. ESTE O TREZIRE NAȚIONALĂJim Ferguson, personalitate de dreapta din UK, transmite un mesaj puternic despre situația politică din România, în pragul alegerilor:","situația,mesaj,simion.,românia,generație,pragul,naționalăjim,george,personalitate,spatele,românia,,ferguson:,politică,trezire,despre,puternic,ferguson,,alegerilor:,transmite,mărșăluiește,ridică,dreapta",,,https://www.activenews.ro/opinii/Jim-Ferguson-Romania-se-ridica-si-o-noua-generatie-marsaluieste-in-spatele-lui-George-Simion.-ESTE-O-TREZIRE-NATIONALA-197265
11,"EXCLUSIVMARELE MATEMATICIAN PREDA MIHĂILESCU SUSȚINE SUVERANISMUL: Președintele constituțional ales al României, dl. Călin Georgescu, a avut o cutremurătoare adresă către poporul Român. Acum puteți alege: BANANE și RĂZBOI sau PACE și SUVERANITATE!Am fost întrebat recent, care pericol cred că este mai mare: de la răsărit ori de la Apus? Cel mai scurt răspuns este: Cel mai mare pericol este acela care vine de unde nu te așteptai, care vine de unde îți puseseși încrederea, când aceia schimbă vântul!","mihăilescu,scurt,adresă,alege:,așteptai,,recent,,întrebat,susține,româniei,,război,român.,georgescu,,matematician,călin,poporul,puseseși,încrederea,,este:,preda,apus?,cutremurătoare,pericol,schimbă,către,președintele,exclusivmarele,puteți,banane,mare:,vântul!,aceia,constituțional,acela,suveranitate!am,suveranismul:,răsărit,răspuns",,,https://www.activenews.ro/opinii/MARELE-MATEMATICIAN-PREDA-MIHAILESCU-SUSTINE-SUVERANISMUL-Presedintele-constitutional-ales-al-Romaniei-dl.-Calin-Georgescu-a-avut-o-cutremuratoare-adresa-catre-poporul-Roman.-Acum-puteti-alege-BANANE-si-RAZBOI-sau-PACE-si-SUVERANITATE-197260
12,"Un Părinte Duhovnic se pronunță: ALEGEREA ÎNTRE DUHUL BINELUI ȘI DUHUL RĂULUI! Cine te susține pe tine, candidatule? De unde îți tragi seva? Încotro vrei să ne duci, candidatule, tu și duhul și oamenii pe care îi reprezinți?Mai mulți părinți duhovnicești ai Bisericii noastre ne-au trimis zilele acestea mesaje pe care să le publicăm, dar fără să le dăm numele, ca să nu le facă necazuri episcopilor lor din partea politicienilor, așa cum se pare că s-a anunțat. Dintre aceste mesaje, am reținut două pe care le vom reda astăzi.","noastre,publicăm,,tine,,mesaje,astăzi.,răului!,partea,susține,mesaje,,trimis,anunțat.,politicienilor,,părinte,duhovnic,episcopilor,reprezinți?mai,duhovnicești,zilele,între,candidatule?,aceste,binelui,alegerea,tragi,părinți,reținut,mulți,acestea,seva?,candidatule,,încotro,dintre,necazuri,bisericii,oamenii,duci,,numele,,ne-au,duhul,pronunță:",,,https://www.activenews.ro/stiri/Un-Parinte-Duhovnic-se-pronunta-ALEGEREA-INTRE-DUHUL-BINELUI-SI-DUHUL-RAULUI-Cine-te-sustine-pe-tine-candidatule-De-unde-iti-tragi-seva-Incotro-vrei-sa-ne-duci-candidatule-tu-si-duhul-si-oamenii-pe-care-ii-reprezinti-197255
13,"Ultima OrăMACRON INTERVINE DIN NOU ÎN ALEGERILE DIN ROMÂNIA IAR NICUȘOR DAN ÎI PUPĂ CONDURUL. Micul dictator de la Paris mai este aprobat de doar 16% dintre francezi. George Simion cere românilor să voteze cu România nu cu globaliștiiGeorge Simion i-a transmis azi foarte clar lui Emmanuel Macron să nu se mai implice în alegerile prezidențial din România, după cum a făcut-o în cele din decembrie, anulate ilegal.","anulate,micul,nicușor,românia,prezidențial,paris,alegerile,aprobat,condurul.,globaliștiigeorge,emmanuel,foarte,macron,dictator,george,implice,orămacron,făcut-o,decembrie,,românia,,francezi.,românilor,simion,dintre,voteze,ilegal.,transmis,intervine,ultima",,,https://www.activenews.ro/externe/MACRON-INTERVINE-DIN-NOU-IN-ALEGERILE-DIN-ROMANIA-IAR-NICUSOR-DAN-II-PUPA-CONDURUL.-Micul-dictator-de-la-Paris-mai-este-aprobat-de-doar-16-dintre-francezi.-George-Simion-cere-romanilor-sa-voteze-cu-Romania-nu-cu-globalistii-197253
14,"Un francez după emisiunea lui George Simion de la televiziunea franceză: ”Dacă aș fi român, duminică l-aș vota pe Simion!”George Simion, liderul AUR și candidatul suverniștilor la președinție, a fost invitat la una dintre cele mai importante emisiuni de politică din Franța, realizată la postul francez CNEWS de Gauthier Le Bret - 100% Politique (VIDEO AICI).","emisiunea,român,,(video,franceză:,realizată,simion,,”dacă,postul,francez,suverniștilor,președinție,,liderul,franța,,aici).,candidatul,george,emisiuni,televiziunea,politique,simion!”george,importante,simion,dintre,politică,gauthier,duminică,invitat,cnews",,,https://www.activenews.ro/stiri/Un-francez-dupa-emisiunea-lui-George-Simion-de-la-televiziunea-franceza-Daca-as-fi-roman-duminica-l-as-vota-pe-Simion-197247
15,"ÎNDREPTAR PENTRU VOTRecomandările Bisericii Ortodoxe Române și ale Sfântului Paisie pentru votCând mergem la vot, trebuie să avem mereu în vedere două lucruri: a) cât de mult îl iubește candidatul pe Dumnezeu și este astfel un membru conștient al Bisericii și b) cât de mult își iubește țara și se ocupă doar de interesele ei, nu de ale sale.","sfântului,interesele,membru,ocupă,îndreptar,paisie,votcând,sale.,mergem,pentru,mereu,candidatul,lucruri:,române,iubește,vedere,trebuie,ortodoxe,votrecomandările,dumnezeu,astfel,conștient,bisericii",,,https://www.activenews.ro/stiri/Recomandarile-Bisericii-Ortodoxe-Romane-si-ale-Sfantului-Paisie-pentru-vot-197245
16,"Virgiliu Gheorghe: De ce oare Biserica nu ar îndemna la votarea reprezentantului celor care luptă pentru Hristos?SNSPA-ul recomandă pe contul lor de facebook ca lumea că voteze cu Nicușor Dan. Cum fac lucrul acesta? Pur și simplu, îndeamnă comunitatea academică din România și publicul larg să voteze cu acela care în retorica promovării electorale apără valorile democratice și europene ale României.","româniei.,academică,contul,votarea,nicușor,luptă,celor,românia,biserica,simplu,,promovării,comunitatea,hristos?snspa-ul,pentru,electorale,lumea,reprezentantului,îndeamnă,apără,valorile,virgiliu,retorica,europene,îndemna,gheorghe:,acesta?,voteze,recomandă,democratice,lucrul,acela,facebook,publicul",,,https://www.activenews.ro/opinii/Virgiliu-Gheorghe-De-ce-oare-Biserica-nu-ar-indemna-la-votarea-reprezentantului-celor-care-lupta-pentru-Hristos-197243
17,"PROFEȚIEALEGERILE ȘI PROFEȚIA TULBURĂTOARE DE LA ATHOS: Al 7-lea și cel mai cutremurător motiv pentru care nici un creștin nu poate vota cu Nicușor DanÎn articolul redacției 7 MOTIVE PENTRU CARE NICI UN CREȘTIN ORTODOX NU-L POATE VOTA PE NICUȘOR DAN am anunțat că al șaptelea motiv îl vom publica la momentul potrivit. Așteptam confirmarea. Și conmfirmarea a venit. Iat-o, enunțată de frații din Sfântul Munte Athos:","anunțat,motiv,nicușor,iat-o,,profeția,motive,athos:,frații,danîn,publica,potrivit.,poate,articolul,munte,7-lea,cutremurător,tulburătoare,pentru,ortodox,redacției,venit.,profețiealegerile,sfântul,conmfirmarea,enunțată,momentul,confirmarea.,șaptelea,creștin,așteptam",,,https://www.activenews.ro/opinii/ALEGERILE-SI-PROFETIA-TULBURATOARE-DE-LA-ATHOS-Al-7-lea-si-cel-mai-cutremurator-motiv-pentru-care-nici-un-crestin-nu-poate-vota-cu-Nicusor-Dan-197240
18,"Alegeri CrucialeA început votul în Diaspora! Românii aleg între George Simion și Nicușor Dan în Turul 2 al Alegerilor Prezidențiale 2025. Dumnezeu să binecuvânteze România! UN MOMENT CRUCIAL PENTRU ȚARĂ. VOTAȚI PENTRU ADEVĂR ȘI LIBERTATE!AEP informează că procesul electoral în diaspora a început oficial vineri, 16 mai 2025, la ora 07:00 (ora locală), cu secția din Auckland, Noua Zeelandă, fiind prima care s-a deschis la ora 23:00 (ora României). În primele minute de la deschiderea secției, au fost înregistrate primele voturi, toate pe listele suplimentare.","adevăr,23:00,2025,,nicușor,alegerilor,07:00,românia!,auckland,,turul,alegeri,oficial,locală),,libertate!aep,2025.,româniei).,zeelandă,,procesul,prima,pentru,suplimentare.,secției,,secția,toate,între,minute,george,diaspora!,românii,binecuvânteze,țară.,vineri,,listele,deschis,deschiderea,înregistrate,simion,informează,dumnezeu,început,primele,votul,diaspora,votați,moment,prezidențiale,voturi,,crucialea,electoral,crucial,fiind",,,https://www.activenews.ro/stiri/A-inceput-votul-in-Diaspora-Romanii-aleg-intre-George-Simion-si-Nicusor-Dan-in-Turul-2-al-Alegerilor-Prezidentiale-2025.-Dumnezeu-sa-binecuvanteze-Romania-UN-MOMENT-CRUCIAL-PENTRU-TARA.-VOTATI-PENTRU-ADEVAR-SI-LIBERTATE-197231
19,"VIDEOCălin Georgescu, nou mesaj puternic pentru români: VOTUL ÎNSEAMNĂ BUCURIE! CURAJ!„Dragii mei, oamenii NU se opun schimbării pentru că NU o doresc. Oamenii sunt reticenți la schimbare pentru că au fost manipulați să o perceapă ca pe un pericol. Schimbarea este ceva ce ne-a fost inoculat să asociem cu frica abusurdă de necunoscut.”","mesaj,perceapă,manipulați,bucurie!,pericol.,inoculat,doresc.,abusurdă,georgescu,,schimbării,necunoscut.”,asociem,pentru,curaj!„dragii,înseamnă,frica,români:,votul,reticenți,puternic,oamenii,schimbarea,schimbare,videocălin",,,https://www.activenews.ro/stiri/Calin-Georgescu-nou-mesaj-puternic-pentru-romani-VOTUL-INSEAMNA-BUCURIE-CURAJ-197228
20,"VIDEOVirgiliu Gheorghe: De ce unii tineri urăsc România? De ce sunt intelectualii lași?Știați că 33% din tinerii care votează cu Nicușor Dan caută orice prilej ca să emigreze? Ei nu se simt solidari cu valorile românești tradiționale, nici cu cele legate de familie și viață. Datoriile externe ale României nu îi interesează deloc. Cu cât de mari, cu atât mai bine- auzi des pe rețelele de socializare.","româniei,nicușor,externe,datoriile,tineri,legate,prilej,tradiționale,,caută,familie,lași?știați,tinerii,interesează,orice,solidari,valorile,urăsc,viață.,românia?,gheorghe:,deloc.,videovirgiliu,socializare.,emigreze?,mari,,votează,românești,rețelele,bine-,intelectualii",,,https://www.activenews.ro/opinii/Virgiliu-Gheorghe-De-ce-unii-tineri-urasc-Romania-De-ce-sunt-intelectualii-lasi-197222
21,"Călin Georgescu, mesaj de susținere puternică pentru George Simion și îndemn categoric la vot: Avem de ales între credință și necredință! Nicușor Dan este de o ”infantilitate criminală”. Pentru toți românii: să iertăm și să ne iubim unii pe alțiiCălin Georgescu a transmis miercuri seară la Marius Tucă Show un mesaj ferm de susținere pentru George Simion, susținând că românii au de ales de această dată între două viziuni: una bazată pe credință și demnitate, iar cealaltă pe necredință și supunere față de sistem.","românii:,mesaj,nicușor,susținere,demnitate,,simion,,susținând,georgescu,,miercuri,marius,necredință,alțiicălin,călin,pentru,puternică,iertăm,între,george,românii,îndemn,criminală”.,bazată,seară,viziuni:,sistem.,iubim,simion,supunere,categoric,credință,această,necredință!,cealaltă,transmis,georgescu,”infantilitate",,,https://www.activenews.ro/stiri/Calin-Georgescu-mesaj-de-sustinere-puternica-pentru-George-Simion-si-indemn-categoric-la-vot-Avem-de-ales-intre-credinta-si-necredinta-Nicusor-Dan-este-de-o-infantilitate-criminala-.-Pentru-toti-romanii-sa-iertam-si-sa-ne-iubim-unii-pe-altii-197200
22,"INTERVIUProfesorul Ion Coja: Un om avea o girafă. Dar nu i-a folosit la nimic. Nicușor are o tobă. Bum, Bum, Bum! Dreptul nostru de a spera este George Simion!Cine votează pentru Simion George votează pentru un om normal, integru, sincer, care încă din adolescență a pus ideea națională mai presus de orice. Votează un patriot, un naționalist! Frați români, Fiți naționaliști în ziua votului!","nimic.,nicușor,folosit,normal,,națională,patriot,,integru,,nostru,dreptul,simion!cine,orice.,pentru,frați,ideea,naționaliști,george,tobă.,români,,interviuprofesorul,naționalist!,spera,coja:,simion,adolescență,sincer,,girafă.,votează,presus,votului!",,,https://www.activenews.ro/opinii/Profesorul-Ion-Coja-Un-om-avea-o-girafa.-Dar-nu-i-a-folosit-la-nimic.-Nicusor-are-o-toba.-Bum-Bum-Bum-Dreptul-nostru-de-a-spera-este-George-Simion-197191
23,"Video LiveCĂLIN GEORGESCU LA MARIUS TUCĂ  - VIDEO ÎN DIRECT: Împreună cu George Simion facem o echipă fermă. Vom readuce bucuria în sufletele românilor. România este cea mai importantă țară din lume. Despre asta este vorbaÎmpreună cu George Simion facem o echipă fermă. Vreau să aduc binele 
poporului roman. Discutam de o situație gravă, de o altă Românie care 
este peste graniță. Acum suntem la ceasul alegerii: acum avem de optat 
între credință și necredință, a spus Călin Georgescu în emisiune, între 
altele.","importantă,peste,românia,roman.,sufletele,echipă,bucuria,vreau,direct:,marius,românie,călin,suntem,altele.,necredință,,între,optat,george,discutam,readuce,alegerii:,românilor.,facem,poporului,emisiune,,simion,vorbaîmpreună,împreună,livecălin,binele,situație,fermă.,credință,despre,lume.,graniță.,ceasul,georgescu,video,gravă,",,,https://www.activenews.ro/stiri/CALIN-GEORGESCU-LA-MARIUS-TUCA-VIDEO-IN-DIRECT-Impreuna-cu-George-Simion-facem-o-echipa-ferma.-Vom-readuce-bucuria-in-sufletele-romanilor.-Romania-este-cea-mai-importanta-tara-din-lume.-Despre-asta-este-vorba-197188
24,"INTERVIUCe a spus liderul AUR în presa franceză: ""Sunt singurul care denunț această lovitură de stat"". ""Marianne"" l-a întâlnit pe George Simion, naționalistul aflat în fruntea alegerilor prezidențiale din România: ”Trump este un model pentru mine!”Liderul AUR, George Simion, este ultra-prezent în presa internațională, spre deosebire de contracandidatul său progresist, Nicușor Dan, care este aproape inexistent. Candidatul prezidențaial al suveraniștilor acordă interviuri cu miez aproape pe bandă, de la presa de peste Ocean la cea din Europa occidentală,","""sunt,naționalistul,deosebire,nicușor,alegerilor,interviuce,franceză:,peste,simion,,occidentală,,fruntea,internațională,,interviuri,inexistent.,întâlnit,liderul,lovitură,aflat,singurul,pentru,stat"".,george,candidatul,prezidențaial,suveraniștilor,denunț,""marianne"",românia:,europa,presa,bandă,,ocean,model,contracandidatul,”trump,progresist,,această,prezidențiale,mine!”liderul,aproape,acordă,ultra-prezent",,,https://www.activenews.ro/stiri-politic/Ce-a-spus-liderul-AUR-in-presa-franceza-Sunt-singurul-care-denunt-aceasta-lovitura-de-stat-.-Marianne-l-a-intalnit-pe-George-Simion-nationalistul-aflat-in-fruntea-alegerilor-prezidentiale-din-Romania-Trump-este-un-model-pentru-mine-197125
25,"VIDEOGeorge Simion, mesaj de forță din Polonia, alături de conservatorul Karol Nawrocki: Acum e din nou momentul să luptăm pentru LIBERTATE, pentru DREPTURILE noastre, pentru FAMILIA CREȘTINĂ! Românii și polonezii sunt împreună în această luptă! - VIDEO„Alianțele se bazează pe respect. Am fost alături de viitorul președinte al Poloniei pentru a-l susține. Pe 18 mai avem alegeri prezidențiale și în Polonia”, a scris George Simion.","mesaj,drepturile,simion.,viitorul,respect.,susține.,simion,,polonia”,,scris,polonia,,alegeri,polonezii,libertate,,forță,nawrocki:,pentru,karol,george,românii,bazează,luptăm,alături,video„alianțele,familia,împreună,creștină!,momentul,noastre,,videogeorge,această,prezidențiale,președinte,conservatorul,luptă!,poloniei",,,https://www.activenews.ro/stiri/George-Simion-mesaj-de-forta-din-Polonia-alaturi-de-conservatorul-Karol-Nawrocki-Acum-e-din-nou-momentul-sa-luptam-pentru-LIBERTATE-pentru-DREPTURILE-noastre-pentru-FAMILIA-CRESTINA-Romanii-si-polonezii-sunt-impreuna-in-aceasta-lupta-VIDEO-197158
26,"Psih. Laurențiu Niculescu: Nicușor Dan - Fața decăderii democratice din România. Profilul psihologic al candidatului de paieRecent, atenția publicului a fost atrasă de un gest recurent al său, scobitul în nas (rhinotillexomanie), documentat în multiple înregistrări video. Comportamentul include și manipularea mucusului nazal, formarea de mici aglomerări și, ocazional, ingerarea acestora (mucofagie).","atenția,comportamentul,nicușor,include,formarea,atrasă,(rhinotillexomanie),,aglomerări,acestora,recurent,scobitul,niculescu:,psih.,paierecent,,decăderii,profilul,candidatului,psihologic,manipularea,ingerarea,video.,(mucofagie).,laurențiu,nazal,,publicului,ocazional,,multiple,documentat,democratice,românia.,mucusului,înregistrări",,,https://www.activenews.ro/opinii/Psih.-Laurentiu-Niculescu-Nicusor-Dan-Fata-decaderii-democratice-din-Romania.-Profilul-psihologic-al-candidatului-de-paie-197153
27,"Ce vrea Sistemul? ”Ori la Bal, ori la Spital?”„După lovitura de stat de catifea a CCR, se pregătește și o lovitură de forță sub acoperirea străzii, ca în decembrie 1989?”, se întreabă Adrian Pătrușcă.","pregătește,decembrie,forță,întreabă,catifea,acoperirea,1989?”,,spital?”„după,pătrușcă.,străzii,,sistemul?,lovitura,adrian,lovitură",,,https://www.activenews.ro/stiri/Ce-vrea-Sistemul-Ori-la-Bal-ori-la-Spital-197152
28,"VIDEO/OPINIEIon Cristoiu: Așa zisa scrisoare a foștilor ambasadori americani, ticluită de putred de coruptul Adrian Zuckerman, e o excrocherie. Maria Eftime: Afaceristul Zuckerman se manifestă împotriva Administrației TrumpSingura poziție a Americii față de alegerile din România e doar cea a administrației Trump. Deocamdată, administrația Trump nu s-a pronunțat. Așa zisa scrisoare a foștilor ambasadori americani, ticluită de Adrian Zuckerman, e o excrocherie","eftime:,zuckerman,trumpsingura,zuckerman,,românia,deocamdată,,administrației,administrația,alegerile,excrocherie,manifestă,coruptul,video/opinieion,foștilor,excrocherie.,afaceristul,poziție,adrian,împotriva,maria,scrisoare,cristoiu:,americii,trump.,ambasadori,ticluită,americani,,pronunțat.,putred,trump",,,https://www.activenews.ro/opinii/Ion-Cristoiu-Asa-zisa-scrisoare-a-fostilor-ambasadori-americani-ticluita-de-putred-de-coruptul-Adrian-Zuckerman-e-o-excrocherie.-Maria-Eftime-Afaceristul-Zuckerman-se-manifesta-impotriva-Administratiei-Trump-197127
29,"Adrian Onciu: Sufletul neamului pierdutPe 18 mai, alegerea nu este despre bani, ci despre suflet. ”Acolo unde este comoara voastră, acolo va fi și inima voastră”. Să alegem un președinte care prețuiește credința, poporul și patria, nu promisiunile deșarte de prosperitate colectivă. România merită mai mult decât o campanie a fricii – merită o renaștere a spiritului, sub steagul iubirii de patrie.","decât,fricii,alegem,campanie,românia,acolo,spiritului,,onciu:,comoara,voastră”.,prețuiește,renaștere,merită,poporul,sufletul,pierdutpe,patria,,bani,,adrian,steagul,prosperitate,alegerea,suflet.,credința,,inima,iubirii,colectivă.,neamului,”acolo,deșarte,voastră,,patrie.,despre,președinte,promisiunile",,,https://www.activenews.ro/opinii/Adrian-Onciu-Sufletul-neamului-pierdut-197126
30,"Marian Dumitru: Imoral și ilegal! DexOnline îți spune cu cine să votezi!Dacă te gândești zilele astea să cauți un cuvânt pe Dex Online, o să ai o surpriză: o să ți se spună CU CINE trebuie să votezi!","surpriză:,cuvânt,ilegal!,imoral,dumitru:,spune,cauți,votezi!,gândești,trebuie,astea,spună,marian,zilele,dexonline,votezi!dacă,online,",,,https://www.activenews.ro/opinii/Marian-Dumitru-Imoral-si-ilegal-DexOnline-iti-spune-cu-cine-sa-votezi-197114
31,"DOCUMENTApelul pentru Ion Iliescu a fost semnat și de Nicușor Dan! Cine a lipsit (motivat) de la mitingul din Piața Victoriei și ce mesaj a avut de transmis - APEL pentru un FRONT COMUN: Intelectualii lui Iliescu și Băsescu au devenit Intelectualii lui DanÎn urmă cu 25 de ani ""intelectualii"" României se coalizau, înainte de alegerile prezidențiale, cu liste de susținere și mitinguri, că să scape țară de ""răul cel mare"". Așa că l-au pus, din nou, în fruntea țării, pe criminalul KGB-ist Ion Iliescu.","devenit,lipsit,mesaj,româniei,nicușor,iliescu.,comun:,susținere,mitinguri,,fruntea,coalizau,,danîn,alegerile,mitingul,liste,mare"".,înainte,băsescu,pentru,kgb-ist,""răul,țării,,(motivat),criminalul,""intelectualii"",semnat,iliescu,documentapelul,transmis,prezidențiale,,victoriei,piața,front,scape,intelectualii",,,https://www.activenews.ro/opinii/Apelul-pentru-Ion-Iliescu-a-fost-semnat-si-de-Nicusor-Dan-Cine-a-lipsit-motivat-de-la-mitingul-din-Piata-Victoriei-si-ce-mesaj-a-avut-de-transmis-APEL-pentru-un-FRONT-COMUN-Intelectualii-lui-Iliescu-si-Basescu-au-devenit-Intelectualii-lui-Dan-197115
32,"George Simion: NU VĂ FIE FRICĂ! Este timpul să ne deșteptăm!„Întrucât inclusiv articolul CE MĂ FAC CU VOI? mi-a fost răstălmăcit de G4Media și copia sa, HotNews, am creat o rubrică FALS pe site-ul personal, care va funcționa până la finalul campaniei, unde vor fi dezmințite minciunile care se propagă de jurnaliștii care participă la mitinguri politice.","timpul,creat,personal,,răstălmăcit,deșteptăm!„întrucât,rubrică,articolul,simion:,campaniei,,frică!,george,site-ul,finalul,propagă,copia,jurnaliștii,funcționa,inclusiv,politice.,mitinguri,minciunile,hotnews,,participă,dezmințite,g4media",,,https://www.activenews.ro/stiri/George-Simion-NU-VA-FIE-FRICA-Este-timpul-sa-ne-desteptam-197112
33,"Speranțe pentru Duminică: Trump nu doarme!Există temeri serioase că
puterea interimară și ilegitimă de la București va încerca să fure ca în codru
la turul II al alegerilor prezidențiale, la ordinul Bruxellesului și Parisului.","doarme!există,puterea,alegerilor,serioase,temeri,bruxellesului,turul,interimară,ilegitimă,duminică:,pentru,parisului.,codru,speranțe,bucurești,încerca,prezidențiale,,ordinul,trump",,,https://www.activenews.ro/opinii/Sperante-pentru-Duminica-Trump-nu-doarme-197109
34,"Zoe Dantes: A venit vremea ultimei alegeri""Ori sunteți cu Hristos, ori sunteți cu dracul. Altă cale nu există!"" (Arhimandrit Ioanichie Bălan)","dantes:,venit,bălan),sunteți,există!"",vremea,ioanichie,hristos,,ultimei,dracul.,(arhimandrit,alegeri""ori",,,https://www.activenews.ro/opinii/Zoe-Dantes-A-venit-vremea-ultimei-alegeri-197096
35,"APELUL VENETICILORImplicare a cultelor religioase venetice de partea candidatului Sistemului. Ungurii și sași de alte credințe decât cea ortodoxă - catolici, luterani, reformați, unitarieni, evanghelici - îi fac campanie LGBT-istului Nicușor Dan. APEL aplaudat de BaconschiFiul poetului proletcultist A. E. Baconsky, un autor mai puțin cunoscut de dedicații adresate securiștilor chiar în decembrie 1989 dar mult mai prizat ca diplomat prin jacuzzi-urile ambasadoarelor și singurul ministru de Externe al României dat afară din slujbă prin sms, teologul de cafenele care a făcut campanie împotriva Referendumului pentru","credințe,româniei,nicușor,externe,decât,puțin,ungurii,campanie,partea,făcut,luterani,,dedicații,prizat,cunoscut,singurul,unitarieni,,referendumului,afară,chiar,pentru,adresate,ambasadoarelor,împotriva,candidatului,venetice,proletcultist,baconsky,,decembrie,ministru,slujbă,diplomat,aplaudat,lgbt-istului,religioase,poetului,autor,securiștilor,cultelor,jacuzzi-urile,baconschifiul,veneticilorimplicare,sistemului.,teologul,cafenele,apelul,ortodoxă,reformați,,catolici,,evanghelici",,,https://www.activenews.ro/stiri-politic/Implicare-a-cultelor-religioase-venetice-de-partea-candidatului-Sistemului.-Ungurii-si-sasi-de-alte-credinte-decat-cea-ortodoxa-catolici-luterani-reformati-unitarieni-evanghelici-ii-fac-campanie-LGBT-istului-Nicusor-Dan.-APEL-aplaudat-de-Baconschi-197091
36,"MIRCEA CĂRTĂRESCU: O ISTORIE ROMANȚATĂ DESPRE CUM NE ALEGEM PREȘEDINTELE ÎN MOD INTELIGENTÎn anul 2004, a fost Băsescu... Când i-a descoperit calitățile bine acoperite până atunci, Mircea Nobel s-a grăbit să împărtășească descoperirea cu publicul larg, pentru că oamenii -simpli la vorbă și la port, mahala ineptă, pleavă, etc.- poate că aveau ezitări și nu știau unde să pună ștampila.","cărtărescu:,atunci,,alegem,ineptă,,știau,istorie,mircea,larg,,port,,mahala,aveau,poate,vorbă,ezitări,pentru,ștampila.,descoperit,-simpli,băsescu...,acoperite,etc.-,2004,,președintele,împărtășească,pleavă,,inteligentîn,despre,romanțată,nobel,oamenii,calitățile,grăbit,descoperirea,publicul",,,https://www.activenews.ro/opinii/MIRCEA-CARTARESCU-O-ISTORIE-ROMANTATA-DESPRE-CUM-NE-ALEGEM-PRESEDINTELE-IN-MOD-INTELIGENT-197090
37,"Ion Spânu: Nicușor e muc dar Blandiana nu mai e sfârc. Doar hoașcăSă nu-mi ceară nimeni respect pentru Ana Blandiana, din moment ce ea vorbește în acești termeni despre cîștigătorul primului tur al alegerilor și posibilul viitor președinte al României. Ia fiți atenți:","româniei.,cîștigătorul,nicușor,alegerilor,hoașcăsă,nu-mi,spânu:,sfârc.,blandiana,blandiana,,acești,nimeni,pentru,posibilul,atenți:,primului,viitor,respect,despre,moment,vorbește,președinte,ceară,termeni",,,https://www.activenews.ro/opinii/Ion-Spanu-Nicusor-e-muc-dar-Blandiana-nu-mai-e-sfarc.-Doar-hoasca-197089
38,"FOTONicușor Dan și-a chemat adepții în Piața Victoriei. Susținătorii lui și-au pregătit deja fustițele - FOTOGRAFIA NOPȚII. ACTUALIZARE: AU ÎNCĂLCAT LEGEA! Primăria Capitalei transmite ÎN DIRECT mitingul candidatului prezidențial al USR!Nicușor Dan și-a invitat duminică susținătorii în Piața Victoriei din Capitală, transmite ProTV. Adunarea a fost anunțată de staful de campanie, promovată pe rețelele de socializare unde și-au anunțat participarea mii de oameni.","anunțat,încălcat,socializare,anunțată,legea!,primăria,protv.,prezidențial,chemat,mitingul,oameni.,susținătorii,adepții,fotonicușor,victoriei.,nopții.,actualizare:,participarea,direct,candidatului,duminică,promovată,fustițele,adunarea,fotografia,usr!nicușor,capitalei,staful,pregătit,victoriei,capitală,,rețelele,transmite,campanie,,piața,și-au,invitat",,,https://www.activenews.ro/stiri/Nicusor-Dan-si-a-chemat-adeptii-in-Piata-Victoriei.-Sustinatorii-lui-si-au-pregatit-deja-fustitele-FOTOGRAFIA-NOPTII.-ACTUALIZARE-AU-INCALCAT-LEGEA-Primaria-Capitalei-transmite-IN-DIRECT-mitingul-candidatului-prezidential-al-USR-197088
39,"PRINS!E DE-AL LOR! L-au dat în vileag: ANTICREȘTINII LGBT-IȘTI de la RENEW EUROPE au recunoscut că ”independentul” Nicușor Dan e CANDIDATUL LOR. Acum cere și ”parteneriate civile” pentru cupluri de același sex și cele ca al lui - VIDEONicușor Dan a subliniat că este nevoie de o legislație care să ofere drepturi și protecție legală atât cuplurilor de același sex, cât și celor necăsătorite, inclusiv „persoanelor în vârstă care aleg să nu se căsătorească”","necăsătorite,,nicușor,celor,legală,anticreștinii,renew,prins!e,pentru,europe,vileag:,videonicușor,cuplurilor,”independentul”,legislație,același,candidatul,de-al,protecție,„persoanelor,ofere,recunoscut,”parteneriate,subliniat,nevoie,lgbt-iști,inclusiv,drepturi,vârstă,căsătorească”,civile”,cupluri",,,https://www.activenews.ro/opinii/E-DE-AL-LOR-L-au-dat-in-vileag-ANTICRESTINII-LGBT-ISTI-de-la-RENEW-EUROPE-au-recunoscut-ca-independentul-Nicusor-Dan-e-CANDIDATUL-LOR.-Acum-cere-si-parteneriate-civile-pentru-cupluri-de-acelasi-sex-si-cele-ca-al-lui-VIDEO-197086
40,"Mesaj în prag de alegeri pentru tânărul contemporan – Adu-ți aminte cine ești!Umbrit de nostalgia Viitorului, pe care îl jinduiești, inevitabil, într-o certitudine că mâine va fi mai bine, mai perfect, mai plăcut și mai sigur, ai uitat de clipa Prezentului. Ai uitat că nu standardele impuse de ""elitele"" societății alcătuiesc idealul în care crezi și nu mentalitatea pe care ți-o insuflă prin toate mijloacele posibile, îți va oferi fericirea de mâine.","idealul,mesaj,""elitele"",certitudine,perfect,,într-o,mâine.,alegeri,viitorului,,impuse,nostalgia,clipa,pentru,sigur,,aminte,jinduiești,,uitat,toate,standardele,tânărul,oferi,contemporan,insuflă,mentalitatea,posibile,,crezi,bine,,mâine,fericirea,societății,plăcut,ești!umbrit,inevitabil,,prezentului.,alcătuiesc,mijloacele,adu-ți",,,https://www.activenews.ro/opinii/Mesaj-in-prag-de-alegeri-pentru-tanarul-contemporan-%E2%80%93-Adu-ti-aminte-cine-esti-197087
41,"Opinia PoliticianuluiCE MĂ FAC CU VOI? Articolul-bombă al lui George SimionÎn momentul când scriu aceste rânduri sunt în zborul Ryanair Londra-București, după o zi încărcată în comunitatea românilor din Londra. Nu am deloc emoții privind rezultatul alegerilor de duminica viitoare, atâta timp cât ele sunt corecte și libere","alegerilor,scriu,corecte,emoții,duminica,zborul,libere,comunitatea,ryanair,atâta,privind,simionîn,george,aceste,politicianuluice,opinia,rezultatul,londra.,deloc,rânduri,românilor,momentul,viitoare,,articolul-bombă,încărcată,londra-bucurești,",,,https://www.activenews.ro/opinii/CE-MA-FAC-CU-VOI-Articolul-bomba-al-lui-George-Simion-197084
42,"ANULAREA CULTURIIRĂZBUNAREA SISTEMULUI. Nicușoriștii au INTERZIS la Iași o piesă a artistului de geniu Mihai Mălaimare pentru că susține AUR și Curățenia Generală. ”Ați lovit în visul unor tineri actori! În numele cui? Al unui deziderat politic, al unui ordin pe unitate?”De fapt, „execuția” maestrului se datorează faptului că a declarat tranșant că a venit momentul ca românii să voteze pentru măturarea tuturor trădătorilor de la putere și tragerea la răspundere a ucigașilor de români din pandemie. Este clar pentru cine. Iată cum se răzbună Sistemul din spatele marionetei „independente” Nicușor Dan față de un mare","interzis,declarat,venit,nicușor,piesă,ucigașilor,maestrului,putere,susține,actori!,tineri,„execuția”,numele,ordin,„independente”,sistemul,deziderat,pentru,unitate?”de,nicușoriștii,mălaimare,românii,datorează,lovit,artistului,spatele,români,visul,geniu,curățenia,mihai,culturiirăzbunarea,momentul,tragerea,măturarea,faptului,răzbună,voteze,pandemie.,sistemului.,trădătorilor,politic,,tuturor,marionetei,cine.,tranșant,anularea,generală.,fapt,,răspundere",,,https://www.activenews.ro/stiri/RAZBUNAREA-SISTEMULUI.-Nicusoristii-au-INTERZIS-la-Iasi-o-piesa-a-artistului-de-geniu-Mihai-Malaimare-pentru-ca-sustine-AUR-si-Curatenia-Generala.-Ati-lovit-in-visul-unor-tineri-actori-In-numele-cui-Al-unui-deziderat-politic-al-unui-ordin-pe-unitat-197078
43,"Luminița Arhire: O PERINIȚĂ POLITICĂ TOTAL SCHIZOFRENICĂAi jucat tontoroiul pe Constituție, ai izolat România, ai făcut-o ridicolă prin incompetența ta diplomatică, ai insultat votanții din țară, ai jignit votanții din diaspora, ai susținut-o pe Lasconi, dar n-a fost să fie, că ai anulat alegerile, după asta l-ai susținut pe Crin, dar n-a fost să fie, că n-a intrat în turul doi, apoi te-ai aruncat, parțial, în brațele lui Nicușor...","diplomatică,,jignit,te-ai,periniță,turul,parțial,,brațele,țară,,susținut,schizofrenicăai,total,arhire:,diaspora,,susținut-o,tontoroiul,făcut-o,insultat,lasconi,,anulat,românia,,incompetența,ridicolă,nicușor...,luminița,aruncat,,politică,crin,,alegerile,,constituție,,intrat,jucat,izolat,votanții",,,https://www.activenews.ro/opinii/Luminita-Arhire-O-PERINITA-POLITICA-TOTAL-SCHIZOFRENICA-197077
44,"SUCEALAViktor Orban s-a răzgândit: ”Colaborăm cu foștii lideri ai României pentru a promova viața și supraviețuirea maghiarilor din Transilvania”„Nu dorim să influențăm în niciun fel alegerile prezidențiale din România în Ungaria. În același timp, guvernul maghiar consideră că poziția Uniunii Democrate a Maghiarilor din România este decisivă, iar în chestiuni de politică națională, interesul maghiarilor din Transilvania este indicatorul.”","foștii,româniei,sucealaviktor,românia,influențăm,răzgândit:,orban,”colaborăm,alegerile,chestiuni,timp,,uniunii,pentru,consideră,niciun,ungaria.,același,promova,națională,,guvernul,indicatorul.”,transilvania,dorim,viața,supraviețuirea,lideri,democrate,politică,decisivă,,prezidențiale,transilvania”„nu,poziția,maghiarilor,interesul,maghiar",,,https://www.activenews.ro/opinii/Viktor-Orban-s-a-razgandit-Colaboram-cu-fostii-lideri-ai-Romaniei-pentru-a-promova-viata-si-supravietuirea-maghiarilor-din-Transilvania-197075
45,"VIDEOUn adevărat cavaler! Nicușor Dan își dă la o parte concubina pentru a fi primul în fața camerei - VIDEOFilmarea de mai jos, publicată pe Facebook de Liviu Pleșoianu, în care amanta candidatului prezidențial al USR-PNL-UDMR Mirabela Grădinaru este dată la o parte cu o oarecarea brutalitate, sugerează o trăsătură importantă a caracterului lui Nicușor Dan.","importantă,amanta,nicușor,usr-pnl-udmr,caracterului,brutalitate,,prezidențial,grădinaru,pleșoianu,,concubina,videofilmarea,primul,pentru,sugerează,cavaler!,candidatului,trăsătură,adevărat,liviu,mirabela,publicată,videoun,oarecarea,camerei,parte,facebook",,,https://www.activenews.ro/stiri/Un-adevarat-cavaler-Nicusor-Dan-isi-da-la-o-parte-concubina-pentru-a-fi-primul-in-fata-camerei-VIDEO-197062
46,Patrick André de Hillerin: Nicușor Dan refuză să comunice numele donatorilor săi din precampania electoralăPatrick Andre de Hillerin face o scurtă analiză pe pagina sa de Facebook despre motivele pentru care Nicușor Dan nu este presat să comunice public numele donatorilor din precampania electorală:,"nicușor,hillerin:,presat,andré,electoralăpatrick,numele,refuză,pagina,electorală:,andre,scurtă,hillerin,donatorilor,pentru,comunice,motivele,despre,precampania,patrick,public,analiză,facebook",,,https://www.activenews.ro/stiri/Patrick-Andr%C3%A9-de-Hillerin-Nicusor-Dan-refuza-sa-comunice-numele-donatorilor-sai-din-precampania-electorala-197061
47,"VIDEOPălitură de osândă pentru UDMR: Viktor Orban a ascultat de Donald Trump și îl susține pe George Simion, ca lider al suveranismului în Europa: ”În lupta pentru creștinism și suveranitate trebuie să ne sprijinim reciproc” - VIDEOCel mai cunoscut susținător al lui Donald Trump din Uniunea Europeană dă dovadă că a ascultat de prietenul său mai mare de peste Ocean și s-a hotărât să sprijine, cel puțin verbal, conservatorismul din România și pe liderul acestui curent național, candidatul prezidențial al suveraniștilor și președintele AUR, George Simion.","viktor,prietenul,simion.,peste,puțin,simion,,românia,prezidențial,dovadă,orban,susține,reciproc”,sprijinim,europeană,liderul,cunoscut,donald,acestui,videocel,pentru,george,candidatul,suveraniștilor,conservatorismul,suveranismului,videopălitură,președintele,udmr:,uniunea,trebuie,ocean,susținător,verbal,,ascultat,europa:,lider,osândă,hotărât,suveranitate,curent,creștinism,național,,lupta,trump,sprijine,",,,https://www.activenews.ro/stiri/Palitura-de-osanda-pentru-UDMR-Viktor-Orban-a-ascultat-de-Donald-Trump-si-il-sustine-pe-George-Simion-ca-lider-al-suveranismului-in-Europa-In-lupta-pentru-crestinism-si-suveranitate-trebuie-sa-ne-sprijinim-reciproc-VIDEO-197063
48,"VIDEOBEC și AEP ar trebui să investigheze DEZBATEREA ARANJATĂ de la Euronews. Boala OCULTEI din spatele lui Nicușor Dan. George Simion: Voi pune interesele României pe primul loc. TEMELE fierbinți: AVORT, LGBT, BANI, UCRAINA, RĂZBOI - Analiza ActiveNewsPentru orice jurnalist cu experiență este o evidență că la „dezbaterea” Euronews Nicușor Dan a avut răspunsurile pregătite pentru că a cunoscut de dinainte întrebările venite din partea postului de stat și a fost antrenat asupra lor.","lgbt,,antrenat,româniei,nicușor,interesele,dezbaterea,partea,trebui,fierbinți:,război,analiza,postului,aranjată,cunoscut,temele,evidență,primul,pentru,simion:,jurnalist,pregătite,george,euronews.,bani,,activenewspentru,euronews,orice,investigheze,asupra,boala,spatele,răspunsurile,videobec,ucraina,,avort,,ocultei,venite,experiență,întrebările,dinainte,„dezbaterea”",,,https://www.activenews.ro/opinii/BEC-si-AEP-ar-trebui-sa-investigheze-DEZBATEREA-ARANJATA-de-la-Euronews.-Boala-OCULTEI-din-spatele-lui-Nicusor-Dan.-George-Simion-Voi-pune-interesele-Romaniei-pe-primul-loc.-TEMELE-fierbinti-AVORT-LGBT-BANI-UCRAINA-RAZBOI-Analiza-ActiveNews-197050
49,"DOCUMENTE SMBSRS: Nicușor Dan turnător la Securitate cu acte! Sorin Roșca Stănescu publică documentele. NOTE INFORMATIVE de POLIȚIE POLITICĂDocumentul care mi-a parvenit și căruia, prin „mijloace specifice”, am avut posibilitatea să îi verific autenticitatea demonstrează, fără drept de apel, că Nicușor Dan, actualul candidat prezidențial, a fost recrutat ca informator, adică turnător al Securității, iar în 1988 făcea pur și simplu parte din ceea ce numim poliția politică","acte!,„mijloace,nicușor,documentele.,candidat,apel,,autenticitatea,făcea,căruia,,sorin,poliția,documente,simplu,turnător,prezidențial,,informative,numim,informator,,adică,roșca,stănescu,publică,securității,,recrutat,posibilitatea,specifice”,,politicădocumentul,verific,drept,actualul,politică,smbsrs:,securitate,parte,poliție,parvenit,demonstrează,",,,https://www.activenews.ro/opinii/SRS-Nicusor-Dan-turnator-la-Securitate-cu-acte-Sorin-Rosca-Stanescu-publica-documentele.-NOTE-INFORMATIVE-de-POLITIE-POLITICA-196500
50,"VIDEOA ÎNCEPUT! VIDEO: Firul nevăzut al serviciilor secrete la 6 luni de la anularea alegerilor. Col. (r) SRI Ion Dedu dezvăluie ițele ședințelor CSAT și CCR care au produs lovitura de stat constituțională. Noi documente decriptate la ActiveNewsLa 6 luni de la lovitura de stat constituțională din 6 decembrie 2024, col. (r) SRI Ion Dedu prezintă alături de redactorul nostru Victor Roncea firul afacerii prin noi documente decriptate în cadrul unei emisiuni exclusive realizate de ActiveNews în parteneriat cu Starea de Libertate.","prezintă,starea,ițele,activenewsla,2024,,constituțională,nostru,afacerii,libertate.,constituțională.,documente,redactorul,început!,parteneriat,produs,activenews,lovitura,firul,ședințelor,emisiuni,secrete,decembrie,exclusive,roncea,serviciilor,cadrul,dezvăluie,video:,alături,videoa,realizate,decriptate,alegerilor.,nevăzut,anularea,victor",,,https://www.activenews.ro/stiri/A-INCEPUT-VIDEO-Firul-nevazut-al-serviciilor-secrete-la-6-luni-de-la-anularea-alegerilor.-Col.-r-SRI-Ion-Dedu-dezvaluie-itele-sedintelor-CSAT-si-CCR-care-au-produs-lovitura-de-stat-constitutionala.-Noi-documente-decriptate-la-ActiveNews-197028
51,"cetățeanulDOCUMENTE: Casele de avocatură care au contracte de peste 11.000.000 de euro cu Primăria Capitalei condusă de Nicușor Dan, deși Aparatul Juridic al Primăriei are peste 80 de angajați. DEZVĂLUIRE CETĂȚEANUL.NETCandidatul independent la Președinția României și actualul primar general al Capitalei, Nicușor Dan, are de dat explicații despre cheltuirea a peste 11 milioane de euro din banii bucureștenilor pe servicii juridice externe.","româniei,nicușor,peste,primăria,primăriei,juridice,general,aparatul,bucureștenilor,externe.,explicații,avocatură,capitalei,,dezvăluire,cetățeanuldocumente:,milioane,cheltuirea,casele,condusă,juridic,11.000.000,independent,capitalei,actualul,despre,banii,primar,președinția,angajați.,servicii,contracte,cetățeanul.netcandidatul",,,https://www.activenews.ro/stiri/DOCUMENTE-Casele-de-avocatura-care-au-contracte-de-peste-11.000.000-de-euro-cu-Primaria-Capitalei-condusa-de-Nicusor-Dan-desi-Aparatul-Juridic-al-Primariei-are-peste-80-de-angajati.-DEZVALUIRE-CETATEANUL.NET-196652
52,"Breaking NewsCrin Antonescu NU VOTEAZĂ CU Nicușor Dan și dinamitează Coaliția “M**e PSD” care vrea să “salveze” țara cot la cot cu Băsescu și Pleșu: ”Am dreptul să nu fiu luat în turmă de SECURISTOIZI ca dl. NICUȘOR, new entry”Între demagogi de joasă speță care urmează să distrugă România mea și securistoizii (aceiași + dl. Nicușor, new entry) care – ajutați la ""hei-rup” de atâția oameni de bună credință – o distrug de 20 de ani, am propria mea alegere. Dar e a mea.","nicușor,securistoizi,distrugă,nicușor,,românia,entry),dreptul,securistoizii,entry”între,""hei-rup”,distrug,băsescu,turmă,breaking,speță,“m**e,dinamitează,antonescu,oameni,alegere.,credință,urmează,joasă,atâția,votează,pleșu:,ajutați,propria,newscrin,(aceiași,“salveze”,demagogi,coaliția",,,https://www.activenews.ro/opinii/Crin-Antonescu-NU-VOTEAZA-CU-Nicusor-Dan-si-dinamiteaza-Coalitia-M-e-PSD-care-vrea-sa-salveze-tara-cot-la-cot-cu-Basescu-si-Plesu-Am-dreptul-sa-nu-fiu-luat-in-turma-de-SECURISTOIZI-ca-dl.-NICUSOR-new-entry-197007
53,"MARTORII LUI NICUȘOROS. Intelectualii lui Băsescu Petrov rup lesa pentru candidatul mînă-moartă, Nicușor Dan. Editoriale de Cornel NistorescuÎn puținele și săracele sale cuvinte, Nicușor Dan ne-a anunțat că va 
urma o campanie electorală de tip SRI, bazată mai ales pe intelectuali 
și pe elitele sorosiste.","electorală,anunțat,nicușor,elitele,campanie,editoriale,intelectuali,băsescu,nistorescuîn,pentru,candidatul,puținele,mînă-moartă,,cuvinte,,bazată,cornel,martorii,sorosiste.,petrov,nicușoros.,săracele,intelectualii",,,https://www.activenews.ro/opinii/MARTORII-LUI-NICUSOROS.-Intelectualii-lui-Basescu-Petrov-rup-lesa-pentru-candidatul-mina-moarta-Nicusor-Dan.-Editoriale-de-Cornel-Nistorescu-196985
54,"Cora Muntean: Eu vreau ca președintele să fie decis de pleava societății. Voi, elitele, ați ales 35 de aniEu vreau ca președintele să fie decis de camionagii, badante, căpșunari, curve și pești, măturători, maneliști, bombardieri, de săraci și de disperați. De „pleava societății”, cum ar veni.","societății”,,căpșunari,,disperați.,badante,,pleava,societății.,vreau,„pleava,bombardieri,,săraci,curve,camionagii,,pești,,președintele,anieu,maneliști,,veni.,muntean:,decis,măturători,,elitele,",,,https://www.activenews.ro/opinii/Cora-Muntean-Eu-vreau-ca-presedintele-sa-fie-decis-de-pleava-societatii.-Voi-elitele-ati-ales-35-de-ani-196984
55,"VIDEORareș Bogdan susține suveranismul AUR și șterge pe jos cu Maia Sandu după tradarea PNL: ”Bolojan are pe dracu' influență. FEMEIA L-A SUNAT PE MACRON și i-a spus: Lasă-l domn’e pe ăla, pe Crin Antonescu, noi îl votăm pe Nicușor Dan!”Rareș Bogdan dă vina pe președinta Maia Sandu pentru numărul mic de voturi pe care l-a primit Crin Antonescu din Republica Moldova la alegerile prezidențiale. „Abia aștept să îi bat obrazul”, spune europarlamentarul, la Antena 3","lasă-l,antonescu,,nicușor,sandu,sunat,susține,primit,numărul,alegerile,prezidențiale.,„abia,șterge,dracu',domn’e,dan!”rareș,voturi,moldova,obrazul”,,pentru,președinta,macron,antena,bogdan,tradarea,spus:,suveranismul,femeia,antonescu,republica,spune,”bolojan,influență.,votăm,videorareș,europarlamentarul,,aștept",,,https://www.activenews.ro/stiri/Rares-Bogdan-sustine-suveranismul-AUR-si-sterge-pe-jos-cu-Maia-Sandu-dupa-tradarea-PNL-Bolojan-are-pe-dracu-influenta.-FEMEIA-L-A-SUNAT-PE-MACRON-si-i-a-spus-Lasa-l-domn%E2%80%99e-pe-ala-pe-Crin-Antonescu-noi-il-votam-pe-Nicusor-Dan-196979
56,"MATRIOȘKA VREA MASKIROVKA. Luminița Arhire: OANA DIMOFTE - ”CHIEF PROPAGANDIST” PRIN VOCAȚIEMăi... dar să zicem că a trecut data de 18 mai, alegerile s-au încheiat și candidatul atât de nesuferit doamnei Oana Dimofte le-a câștigat en fanfare... iar candidatul iubit de doamna Dimofte se întoarce cu coada lui cea ondulată...","propagandist”,”chief,alegerile,maskirovka.,doamnei,vocațiemăi...,fanfare...,ondulată...,arhire:,candidatul,coada,încheiat,matrioșka,dimofte,nesuferit,luminița,întoarce,câștigat,zicem,trecut,iubit,doamna",,,https://www.activenews.ro/opinii/MATRIOSKA-VREA-MASKIROVKA.-Luminita-Arhire-OANA-DIMOFTE-CHIEF-PROPAGANDIST-PRIN-VOCATIE-196968
57,"Opinia PoliticianuluiI-A CUPRINS PANICA! Marius Lulea: România are nevoie de un Președinte patriot cu un Guvern suveranist. Dacă acest lucru nu e posibil, atunci este corect și democratic să avem alegeri anticipate. Alegerile prezidențiale trebuie să aducă o schimbare realăMarius Lulea, prim-vicepreședinte și fondator AUR, a declarat luni după-amiază, la Realitatea Plus, că partidul său are pregătit un guvern cu ""8-10 ministere și maximum 50 de secretari de stat""","declarat,stat"",lucru,guvern,prim-vicepreședinte,acest,românia,alegerile,alegeri,marius,aducă,plus,,după-amiază,,panica!,corect,democratic,atunci,realămarius,lulea,,realitatea,maximum,politicianuluii-a,fondator,patriot,opinia,partidul,ministere,nevoie,suveranist.,""8-10,trebuie,lulea:,posibil,,anticipate.,prezidențiale,cuprins,pregătit,președinte,schimbare,secretari",,,https://www.activenews.ro/opinii/I-A-CUPRINS-PANICA-Marius-Lulea-Romania-are-nevoie-de-un-Presedinte-patriot-cu-un-Guvern-suveranist.-Daca-acest-lucru-nu-e-posibil-atunci-este-corect-si-democratic-sa-avem-alegeri-anticipate.-Alegerile-prezidentiale-trebuie-sa-aduca-o-schimbare-rea-196954
58,"VIDEOVirgiliu Gheorghe Vlăescu: Cine este și ce vrea Nicușor Dan (I) - VIDEOHristos a inviat! Pentru că unii s-au îndoit că eu însumi am scris articolul de dimineață, m-am hotărât să transmit cel puțin în perioada fierbinte de până la alegeri, mesaje înregistrate video. AZI, despre NICUȘOR DAN.","nicușor,alegeri,,puțin,scris,mesaje,vlăescu:,însumi,articolul,pentru,perioada,gheorghe,dimineață,,înregistrate,inviat!,fierbinte,video.,videovirgiliu,despre,videohristos,hotărât,transmit,îndoit",,,https://www.activenews.ro/opinii/Virgiliu-Gheorghe-Vlaescu-Cine-este-si-ce-vrea-Nicusor-Dan-I-VIDEO-196953
59,"INPOLITICSAlegerile au livrat dovada supremă: Nu au înțeles nimic!George Simion, singurul lider post-decembrist intrat în finala prezidențială cu un partid de el creat, cu excepția lui Ion Iliescu – dar care mai degrabă a moștenit un PCR căruia doar i-a schimbat numele – a obținut un scor cu 4 în față, performanță reușită doar de Iliescu de două ori (nu și a treia oară), de Năstase și de Ponta.","performanță,supremă:,simion,,năstase,obținut,creat,,schimbat,partid,livrat,numele,înțeles,ponta.,singurul,inpoliticsalegerile,post-decembrist,finala,moștenit,treia,prezidențială,față,,căruia,excepția,iliescu,lider,nimic!george,intrat,degrabă,dovada,reușită,oară),",,,https://www.activenews.ro/opinii/Alegerile-au-livrat-dovada-suprema-Nu-au-inteles-nimic-196951
60,"Pericolul celor două specii: Românul de Diaspora și Românul de CasăUn scor de peste 40%. O finală
cu (aparent) cel mai accesibil adversar. Eliminarea candidatului coaliției
majoritare de trei partide care, din 1989 încoace, au făcut legea și
fărădelegea în țară... Ai zice că trebuie să fim optimiști.","românul,adversar.,peste,celor,țară...,făcut,fărădelegea,(aparent),legea,care,,coaliției,finală,candidatului,eliminarea,accesibil,pericolul,trebuie,casăun,diaspora,majoritare,partide,încoace,,specii:,optimiști.",,,https://www.activenews.ro/opinii/Pericolul-celor-doua-specii-Romanul-de-Diaspora-si-Romanul-de-Casa-196941
61,"ACTUALIZARE LA ZIVariantele de Sistem B, C și D pentru Alegerile Prezidențiale din RomâniaÎntr-un
 articol din 30.05.2024, analizam câteva dintre scenariile căutate 
atunci de sistem pentru înlocuirea robotului de la Cotroceni cu un 
altul, de generație mai nouă. Nicușor Dan era printre cei nominalizați","cotroceni,nicușor,robotului,generație,analizam,câteva,alegerile,nominalizați,sistem,zivariantele,pentru,atunci,româniaîntr-un,30.05.2024,,altul,,căutate,scenariile,articol,dintre,actualizare,prezidențiale,nouă.,înlocuirea,printre",,,https://www.activenews.ro/opinii/Variantele-de-Sistem-B-C-si-D-pentru-Alegerile-Prezidentiale-din-Romania-189672
62,"LIVE TEXT/VIDEOREZULTATE OFICIALE: Suveraniștii au luat peste 40% - VICTORIA LUI CĂLIN GEORGESCU ȘI GEORGE SIMION! LUPTA se duce în TURUL II cu NICUȘOR SOROS DAN! Au votat peste 9,5 MILIOANE de ROMÂNI! Mobilizare istorică pentru ROMÂNISM la ALEGERILE PREZIDENȚIALE 2025Aproximativ 18 milioane de români sunt așteptați, astăzi, la urne, pentru a-și alege președintele din cei 11 candidați care s-au înscris în cursa pentru Palatul Cotroceni. Cele aproape 19.000 de secții de votare s-au deschis la ora 7:00 și se închid la ora 21:00.","istorică,nicușor,peste,mobilizare,turul,alegerile,înscris,text/videorezultate,închid,călin,românism,pentru,21:00.,milioane,alege,george,simion!,victoria,deschis,soros,votat,așteptați,,urne,,români,români!,secții,președintele,candidați,oficiale:,suveraniștii,19.000,prezidențiale,georgescu,votare,palatul,aproape,cotroceni.,lupta,cursa,astăzi,,2025aproximativ",,,https://www.activenews.ro/stiri/REZULTATE-OFICIALE-Suveranistii-au-luat-peste-40-VICTORIA-LUI-CALIN-GEORGESCU-SI-GEORGE-SIMION-LUPTA-se-duce-in-TURUL-II-cu-NICUSOR-SOROS-DAN-Au-votat-peste-9-5-MILIOANE-de-ROMANI-Mobilizare-istorica-pentru-ROMANISM-la-ALEGERILE-PREZIDENTIALE-2025-196912
63,"Cora Muntean: Astea nu sunt alegeri. Parcă suntem într-un autobuz în care elitele s-au transformat în hoți de buzunare, cu acordul controlorilor și al șoferuluide Cora MunteanÎn timp ce golanul, extremistul, izolaționistul, șeful de galerie și alte invective se conformează și respectă legea, adică tace din gură și din scris azi, coborâtul din Bruxelles și Paris, onestul și tot șirul de laude care pot fi aduse acestuia, ce face?","transformat,laude,elitele,coborâtul,scris,astea,autobuz,conformează,izolaționistul,,golanul,,șoferuluide,buzunare,,suntem,extremistul,,acestuia,,adică,legea,,invective,acordul,onestul,șeful,galerie,munteanîn,parcă,bruxelles,respectă,alegeri.,aduse,face?,controlorilor,paris,,șirul,muntean:,într-un",,,https://www.activenews.ro/opinii/Cora-Muntean-Astea-nu-sunt-alegeri.-Parca-suntem-intr-un-autobuz-in-care-elitele-s-au-transformat-in-hoti-de-buzunare-cu-acordul-controlorilor-si-al-soferului-197297
64,"FOTOGRAFIA ZILEIApariție surpriză a lui Călin Georgescu alături de Liviu Mihaiu și Robert Turcescu. FOTOGRAFIA ZILEICălin Georgescu, Liviu Mihaiu și Robert Turcescu s-au întâlnit azi la clinica manageriată până de curând de bioeticianul și publicistul Virgiliu Gheorghe Vlăescu, acum senator AUR, fondată de Gigi Becali pe vremea când era om normal.","curând,zileicălin,robert,întâlnit,normal.,georgescu,,turcescu,surpriză,fondată,călin,vremea,turcescu.,clinica,publicistul,gheorghe,becali,zileiapariție,alături,liviu,virgiliu,bioeticianul,fotografia,mihaiu,manageriată,vlăescu,,georgescu,senator",,,https://www.activenews.ro/stiri/Aparitie-surpriza-a-lui-Calin-Georgescu-alaturi-de-Liviu-Mihaiu-si-Robert-Turcescu.-FOTOGRAFIA-ZILEI-196513
65,EXCLUSIV ActiveNewsDocumentele SRI care au stat la baza Loviturii de Stat sunt FALSE! ADEVĂRUL era sub ochii întregii lumi - BOMBA CARE AR PUTEA DISTRUGE DECIZIA ILEGALĂ A CCR DE ANULARE A ALEGERILORAu fost tot timpul sub ochii noștri. Zguduiți de efectul ilegalități nu am mai acordat atenția cuvenită detaliilor. Se pare însă că partenerii noștri americani s-au săturat de orbul găinilor de care suferim din 4 decembrie 2024 încoace. ActiveNews a primit astăzi la redacție dovada falsificării documentelor care au stat la baza loviturii de stat,"false!,atenția,partenerii,găinilor,bomba,astăzi,redacție,timpul,falsificării,putea,primit,noștri.,adevărul,activenews,suferim,acordat,zguduiți,loviturii,săturat,alegerilorau,noștri,decembrie,documentelor,ilegalități,americani,distruge,decizia,anulare,orbul,cuvenită,încoace.,ilegală,efectul,exclusiv,ochii,întregii,activenewsdocumentele,dovada,detaliilor.",,,https://www.activenews.ro/stiri-dezvaluiri/Documentele-SRI-care-au-stat-la-baza-Loviturii-de-Stat-sunt-FALSE-ADEVARUL-era-sub-ochii-intregii-lumi-BOMBA-CARE-AR-PUTEA-DISTRUGE-DECIZIA-ILEGALA-A-CCR-DE-ANULARE-A-ALEGERILOR-196372
